﻿<?xml version="1.0" encoding="utf-8"?><PatternDef xmlns:xsi="http://www.w3.org/2001/XMLSchema-instance" xmlns:xsd="http://www.w3.org/2001/XMLSchema"><Patterns><ArrayOfPart><Part><Position><X>0</X><Y>0</Y></Position><Path>e2.png</Path></Part><Part><Position><X>0</X><Y>0</Y></Position><Path>m2.png</Path></Part><Part><Position><X>0</X><Y>0</Y></Position><Path>b2.png</Path></Part><Part><Position><X>0</X><Y>0</Y></Position><Path>face-base.png</Path></Part></ArrayOfPart><ArrayOfPart><Part><Position><X>0</X><Y>0</Y></Position><Path>e2.png</Path></Part><Part><Position><X>0</X><Y>0</Y></Position><Path>m1.png</Path></Part><Part><Position><X>0</X><Y>0</Y></Position><Path>b2.png</Path></Part><Part><Position><X>0</X><Y>0</Y></Position><Path>face-base.png</Path></Part></ArrayOfPart><ArrayOfPart><Part><Position><X>0</X><Y>0</Y></Position><Path>e1.png</Path></Part><Part><Position><X>0</X><Y>0</Y></Position><Path>b2.png</Path></Part><Part><Position><X>0</X><Y>0</Y></Position><Path>m2.png</Path></Part><Part><Position><X>0</X><Y>0</Y></Position><Path>face-base.png</Path></Part></ArrayOfPart><ArrayOfPart><Part><Position><X>0</X><Y>0</Y></Position><Path>b2.png</Path></Part><Part><Position><X>0</X><Y>0</Y></Position><Path>m1.png</Path></Part><Part><Position><X>0</X><Y>0</Y></Position><Path>e1.png</Path></Part><Part><Position><X>0</X><Y>0</Y></Position><Path>face-base.png</Path></Part></ArrayOfPart><ArrayOfPart><Part><Position><X>0</X><Y>0</Y></Position><Path>e1.png</Path></Part><Part><Position><X>0</X><Y>0</Y></Position><Path>b2.png</Path></Part><Part><Position><X>0</X><Y>0</Y></Position><Path>m5.png</Path></Part><Part><Position><X>0</X><Y>0</Y></Position><Path>face-base.png</Path></Part></ArrayOfPart><ArrayOfPart><Part><Position><X>0</X><Y>0</Y></Position><Path>e3.png</Path></Part><Part><Position><X>0</X><Y>0</Y></Position><Path>b2.png</Path></Part><Part><Position><X>0</X><Y>0</Y></Position><Path>m1.png</Path></Part><Part><Position><X>0</X><Y>0</Y></Position><Path>face-base.png</Path></Part></ArrayOfPart><ArrayOfPart><Part><Position><X>0</X><Y>0</Y></Position><Path>b2.png</Path></Part><Part><Position><X>0</X><Y>0</Y></Position><Path>e3.png</Path></Part><Part><Position><X>0</X><Y>0</Y></Position><Path>m3.png</Path></Part><Part><Position><X>0</X><Y>0</Y></Position><Path>face-base.png</Path></Part></ArrayOfPart><ArrayOfPart><Part><Position><X>0</X><Y>0</Y></Position><Path>b1.png</Path></Part><Part><Position><X>0</X><Y>0</Y></Position><Path>e3.png</Path></Part><Part><Position><X>0</X><Y>0</Y></Position><Path>m3.png</Path></Part><Part><Position><X>0</X><Y>0</Y></Position><Path>face-base.png</Path></Part></ArrayOfPart><ArrayOfPart><Part><Position><X>0</X><Y>0</Y></Position><Path>b1.png</Path></Part><Part><Position><X>0</X><Y>0</Y></Position><Path>e3.png</Path></Part><Part><Position><X>0</X><Y>0</Y></Position><Path>m4.png</Path></Part><Part><Position><X>0</X><Y>0</Y></Position><Path>face-base.png</Path></Part></ArrayOfPart><ArrayOfPart><Part><Position><X>0</X><Y>0</Y></Position><Path>e4.png</Path></Part><Part><Position><X>0</X><Y>0</Y></Position><Path>b1.png</Path></Part><Part><Position><X>0</X><Y>0</Y></Position><Path>m4.png</Path></Part><Part><Position><X>0</X><Y>0</Y></Position><Path>face-base.png</Path></Part></ArrayOfPart><ArrayOfPart><Part><Position><X>0</X><Y>0</Y></Position><Path>b1.png</Path></Part><Part><Position><X>0</X><Y>0</Y></Position><Path>e4.png</Path></Part><Part><Position><X>0</X><Y>0</Y></Position><Path>m5.png</Path></Part><Part><Position><X>0</X><Y>0</Y></Position><Path>face-base.png</Path></Part></ArrayOfPart><ArrayOfPart><Part><Position><X>0</X><Y>0</Y></Position><Path>e2.png</Path></Part><Part><Position><X>0</X><Y>0</Y></Position><Path>m2.png</Path></Part><Part><Position><X>0</X><Y>0</Y></Position><Path>b1.png</Path></Part><Part><Position><X>0</X><Y>0</Y></Position><Path>face-base.png</Path></Part></ArrayOfPart><ArrayOfPart><Part><Position><X>0</X><Y>0</Y></Position><Path>e2.png</Path></Part><Part><Position><X>0</X><Y>0</Y></Position><Path>m1.png</Path></Part><Part><Position><X>0</X><Y>0</Y></Position><Path>b1.png</Path></Part><Part><Position><X>0</X><Y>0</Y></Position><Path>face-base.png</Path></Part></ArrayOfPart><ArrayOfPart><Part><Position><X>0</X><Y>0</Y></Position><Path>e1.png</Path></Part><Part><Position><X>0</X><Y>0</Y></Position><Path>b3.png</Path></Part><Part><Position><X>0</X><Y>0</Y></Position><Path>m1.png</Path></Part><Part><Position><X>0</X><Y>0</Y></Position><Path>face-base.png</Path></Part></ArrayOfPart><ArrayOfPart><Part><Position><X>0</X><Y>0</Y></Position><Path>e1.png</Path></Part><Part><Position><X>0</X><Y>0</Y></Position><Path>b3.png</Path></Part><Part><Position><X>0</X><Y>0</Y></Position><Path>m1.png</Path></Part><Part><Position><X>0</X><Y>0</Y></Position><Path>face-base.png</Path></Part></ArrayOfPart><ArrayOfPart><Part><Position><X>0</X><Y>0</Y></Position><Path>e3.png</Path></Part><Part><Position><X>0</X><Y>0</Y></Position><Path>b3.png</Path></Part><Part><Position><X>0</X><Y>0</Y></Position><Path>m1.png</Path></Part><Part><Position><X>0</X><Y>0</Y></Position><Path>face-base.png</Path></Part></ArrayOfPart><ArrayOfPart><Part><Position><X>0</X><Y>0</Y></Position><Path>e3.png</Path></Part><Part><Position><X>0</X><Y>0</Y></Position><Path>b3.png</Path></Part><Part><Position><X>0</X><Y>0</Y></Position><Path>m1.png</Path></Part><Part><Position><X>0</X><Y>0</Y></Position><Path>face-base.png</Path></Part></ArrayOfPart><ArrayOfPart><Part><Position><X>0</X><Y>0</Y></Position><Path>e3.png</Path></Part><Part><Position><X>0</X><Y>0</Y></Position><Path>b3.png</Path></Part><Part><Position><X>0</X><Y>0</Y></Position><Path>m1.png</Path></Part><Part><Position><X>0</X><Y>0</Y></Position><Path>face-base.png</Path></Part></ArrayOfPart><ArrayOfPart><Part><Position><X>0</X><Y>0</Y></Position><Path>e4.png</Path></Part><Part><Position><X>0</X><Y>0</Y></Position><Path>b3.png</Path></Part><Part><Position><X>0</X><Y>0</Y></Position><Path>m1.png</Path></Part><Part><Position><X>0</X><Y>0</Y></Position><Path>face-base.png</Path></Part></ArrayOfPart><ArrayOfPart><Part><Position><X>0</X><Y>0</Y></Position><Path>b3.png</Path></Part><Part><Position><X>0</X><Y>0</Y></Position><Path>e4.png</Path></Part><Part><Position><X>0</X><Y>0</Y></Position><Path>m1.png</Path></Part><Part><Position><X>0</X><Y>0</Y></Position><Path>face-base.png</Path></Part></ArrayOfPart><ArrayOfPart><Part><Position><X>0</X><Y>0</Y></Position><Path>m3.png</Path></Part><Part><Position><X>0</X><Y>0</Y></Position><Path>e4.png</Path></Part><Part><Position><X>0</X><Y>0</Y></Position><Path>b3.png</Path></Part><Part><Position><X>0</X><Y>0</Y></Position><Path>face-base.png</Path></Part></ArrayOfPart><ArrayOfPart><Part><Position><X>0</X><Y>0</Y></Position><Path>b3.png</Path></Part><Part><Position><X>0</X><Y>0</Y></Position><Path>e4.png</Path></Part><Part><Position><X>0</X><Y>0</Y></Position><Path>m3.png</Path></Part><Part><Position><X>0</X><Y>0</Y></Position><Path>face-base.png</Path></Part></ArrayOfPart><ArrayOfPart><Part><Position><X>0</X><Y>0</Y></Position><Path>e2.png</Path></Part><Part><Position><X>0</X><Y>0</Y></Position><Path>m2.png</Path></Part><Part><Position><X>0</X><Y>0</Y></Position><Path>b3.png</Path></Part><Part><Position><X>0</X><Y>0</Y></Position><Path>face-base.png</Path></Part></ArrayOfPart><ArrayOfPart><Part><Position><X>0</X><Y>0</Y></Position><Path>e2.png</Path></Part><Part><Position><X>0</X><Y>0</Y></Position><Path>b3.png</Path></Part><Part><Position><X>0</X><Y>0</Y></Position><Path>m3.png</Path></Part><Part><Position><X>0</X><Y>0</Y></Position><Path>face-base.png</Path></Part></ArrayOfPart><ArrayOfPart><Part><Position><X>0</X><Y>0</Y></Position><Path>b3.png</Path></Part><Part><Position><X>0</X><Y>0</Y></Position><Path>e1.png</Path></Part><Part><Position><X>0</X><Y>0</Y></Position><Path>m2.png</Path></Part><Part><Position><X>0</X><Y>0</Y></Position><Path>face-base.png</Path></Part></ArrayOfPart><ArrayOfPart><Part><Position><X>0</X><Y>0</Y></Position><Path>e1.png</Path></Part><Part><Position><X>0</X><Y>0</Y></Position><Path>b3.png</Path></Part><Part><Position><X>0</X><Y>0</Y></Position><Path>m4.png</Path></Part><Part><Position><X>0</X><Y>0</Y></Position><Path>face-base.png</Path></Part></ArrayOfPart><ArrayOfPart><Part><Position><X>0</X><Y>0</Y></Position><Path>e3.png</Path></Part><Part><Position><X>0</X><Y>0</Y></Position><Path>b3.png</Path></Part><Part><Position><X>0</X><Y>0</Y></Position><Path>m4.png</Path></Part><Part><Position><X>0</X><Y>0</Y></Position><Path>face-base.png</Path></Part></ArrayOfPart><ArrayOfPart><Part><Position><X>0</X><Y>0</Y></Position><Path>b3.png</Path></Part><Part><Position><X>0</X><Y>0</Y></Position><Path>e3.png</Path></Part><Part><Position><X>0</X><Y>0</Y></Position><Path>m4.png</Path></Part><Part><Position><X>0</X><Y>0</Y></Position><Path>face-base.png</Path></Part></ArrayOfPart><ArrayOfPart><Part><Position><X>0</X><Y>0</Y></Position><Path>b3.png</Path></Part><Part><Position><X>0</X><Y>0</Y></Position><Path>e3.png</Path></Part><Part><Position><X>0</X><Y>0</Y></Position><Path>m4.png</Path></Part><Part><Position><X>0</X><Y>0</Y></Position><Path>face-base.png</Path></Part></ArrayOfPart><ArrayOfPart><Part><Position><X>0</X><Y>0</Y></Position><Path>e4.png</Path></Part><Part><Position><X>0</X><Y>0</Y></Position><Path>m5.png</Path></Part><Part><Position><X>0</X><Y>0</Y></Position><Path>b3.png</Path></Part><Part><Position><X>0</X><Y>0</Y></Position><Path>face-base.png</Path></Part></ArrayOfPart><ArrayOfPart><Part><Position><X>0</X><Y>0</Y></Position><Path>b3.png</Path></Part><Part><Position><X>0</X><Y>0</Y></Position><Path>m5.png</Path></Part><Part><Position><X>0</X><Y>0</Y></Position><Path>e4.png</Path></Part><Part><Position><X>0</X><Y>0</Y></Position><Path>face-base.png</Path></Part></ArrayOfPart><ArrayOfPart><Part><Position><X>0</X><Y>0</Y></Position><Path>e4.png</Path></Part><Part><Position><X>0</X><Y>0</Y></Position><Path>m4.png</Path></Part><Part><Position><X>0</X><Y>0</Y></Position><Path>b3.png</Path></Part><Part><Position><X>0</X><Y>0</Y></Position><Path>face-base.png</Path></Part></ArrayOfPart><ArrayOfPart><Part><Position><X>0</X><Y>0</Y></Position><Path>b3.png</Path></Part><Part><Position><X>0</X><Y>0</Y></Position><Path>e4.png</Path></Part><Part><Position><X>0</X><Y>0</Y></Position><Path>m4.png</Path></Part><Part><Position><X>0</X><Y>0</Y></Position><Path>face-base.png</Path></Part></ArrayOfPart></Patterns><TitlePatternIndex>2</TitlePatternIndex><Title>涼宮ハルヒ (逆)</Title><WebSite>http://www.misuzilla.org/dist/haruhi/macface/</WebSite><Author>沢渡真雪</Author></PatternDef>